generado/aleatorios.csv,c352f5e7b6bd416c,-21347700531594670,-2.1347700531594672E16,-2.134770053159467E16
generado/aleatorios.csv,435f27ec1ac889e4,35078477172582290,3.5078477172582288E16,3.507847717258229E16
generado/aleatorios.csv,c355474072b05c22,-23957266554253450,-2.3957266554253448E16,-2.395726655425345E16
generado/aleatorios.csv,c3689d8e2fb63847,-55429067619549750,-5.5429067619549752E16,-5.542906761954975E16
generado/aleatorios.csv,c365fb6a531e3d8b,-49499268724157530,-4.9499268724157528E16,-4.949926872415753E16
generado/aleatorios.csv,c368ba96e43ec1ce,-55684453425876590,-5.5684453425876592E16,-5.568445342587659E16
generado/aleatorios.csv,436304954f13f65f,42824511046791930,4.2824511046791928E16,4.282451104679193E16
generado/aleatorios.csv,43799e9ef65381c6,115380479879289950,1.15380479879289952E17,1.1538047987928995E17
generado/aleatorios.csv,4377dc77c0363689,107461301573478540,1.07461301573478544E17,1.0746130157347854E17
generado/aleatorios.csv,43787e39854ebfb8,110306959293152130,1.10306959293152128E17,1.1030695929315213E17
generado/aleatorios.csv,c37f4febc9a16a19,-141017574347809170,-1.41017574347809168E17,-1.4101757434780917E17
generado/aleatorios.csv,c3781ea7032bbd0f,-108625633642008820,-1.08625633642008816E17,-1.0862563364200882E17
generado/aleatorios.csv,c37181881ac48e53,-78839938699289900,-7.8839938699289904E16,-7.88399386992899E16
generado/aleatorios.csv,437644b5f2b0e0a5,100287963825310290,1.00287963825310288E17,1.0028796382531029E17
generado/aleatorios.csv,c371ade71721ea8a,-79620522259687580,-7.9620522259687584E16,-7.962052225968758E16
generado/aleatorios.csv,c37afb73bddf5ac7,-121517182717111410,-1.21517182717111408E17,-1.2151718271711141E17
generado/aleatorios.csv,c3865118b4adc0fc,-201011713279532930,-2.01011713279532928E17,-2.0101171327953293E17
generado/aleatorios.csv,4383f7939984d3b9,179847611691988770,1.79847611691988768E17,1.7984761169198877E17
generado/aleatorios.csv,4383d3ad6ae70c73,178584522682633820,1.78584522682633824E17,1.7858452268263382E17
generado/aleatorios.csv,c38c25e9aec99906,-253535518014513340,-2.53535518014513344E17,-2.5353551801451334E17
generado/aleatorios.csv,438a860c01015629,238903536290284830,2.38903536290284832E17,2.3890353629028483E17
generado/aleatorios.csv,438f19222b355440,280107482320898050,2.80107482320898048E17,2.8010748232089805E17
generado/aleatorios.csv,c38346ac93610be3,-173623410509839460,-1.73623410509839456E17,-1.7362341050983946E17
generado/aleatorios.csv,c3807b20f54392d2,-148447395564378700,-1.48447395564378688E17,-1.484473955643787E17
generado/aleatorios.csv,c381a52fb8b3e57b,-158934367517585250,-1.58934367517585248E17,-1.5893436751758525E17
generado/aleatorios.csv,4397b2e696439451,426920185445028900,4.2692018544502893E17,4.269201854450289E17
generado/aleatorios.csv,43904aa876d5f003,293483970308079800,2.9348397030807981E17,2.934839703080798E17
generado/aleatorios.csv,439e5a92e877a40b,546805524044776100,5.4680552404477613E17,5.468055240447761E17
generado/aleatorios.csv,c39ad5f3d21ef759,-483429924703426100,-4.8342992470342611E17,-4.834299247034261E17
generado/aleatorios.csv,c39a85eef4a84474,-477799087862783200,-4.7779908786278323E17,-4.777990878627832E17
generado/aleatorios.csv,c3914b2e984e8aec,-311535238396427000,-3.1153523839642701E17,-3.11535238396427E17
generado/aleatorios.csv,c39f6c1de561bcd2,-566054395921249400,-5.6605439592124941E17,-5.660543959212494E17
generado/aleatorios.csv,43adc63eb35d5c46,1072735606287508200,1.07273560628750822E18,1.0727356062875082E18
generado/aleatorios.csv,43a1f7ac79d48102,647346528574275800,6.4734652857427584E17,6.473465285742758E17
generado/aleatorios.csv,c3a6efb4997e01ef,-826369079802656600,-8.2636907980265664E17,-8.263690798026566E17
generado/aleatorios.csv,c3a82e63ff624df6,-871220027178023700,-8.7122002717802368E17,-8.712200271780237E17
generado/aleatorios.csv,43a1cab9630fc016,641020439528737500,6.4102043952873754E17,6.410204395287375E17
generado/aleatorios.csv,c3ab258dc15590ed,-978062737333057200,-9.7806273733305715E17,-9.780627373330572E17
generado/aleatorios.csv,c3ae226ec2ad8805,-1085709876380041900,-1.08570987638004186E18,-1.0857098763800419E18
generado/aleatorios.csv,43ae7795374b862f,1097693704044615600,1.09769370404461555E18,1.0976937040446156E18
generado/aleatorios.csv,c3a4a0359319faeb,-743123391472301400,-7.4312339147230144E17,-7.431233914723014E17
generado/aleatorios.csv,43ad7f9de6ad58d7,1062795581609241500,1.06279558160924147E18,1.0627955816092415E18
generado/aleatorios.csv,c3b67ef336c0f93b,-1621000332391299800,-1.62100033239129984E18,-1.6210003323912998E18
generado/aleatorios.csv,c3bc935194d8836e,-2059079154367950300,-2.05907915436795034E18,-2.0590791543679503E18
generado/aleatorios.csv,43b77b00e26d4242,1691947057503421000,1.69194705750342093E18,1.691947057503421E18
generado/aleatorios.csv,43b7715641127288,1689226172723005400,1.68922617272300544E18,1.6892261727230054E18
generado/aleatorios.csv,43b9619e3dc549f7,1828916911829284600,1.82891691182928461E18,1.8289169118292846E18
generado/aleatorios.csv,43b3271b7d1321a0,1380102034818179000,1.38010203481817907E18,1.380102034818179E18
generado/aleatorios.csv,c3bb4bef1c2bfb40,-1966928566553362400,-1.96692856655336243E18,-1.9669285665533624E18
generado/aleatorios.csv,c3b85b102ea667e8,-1755014272337307600,-1.75501427233730765E18,-1.7550142723373076E18
generado/aleatorios.csv,c3b5f0eed1492b1e,-1581026051850182100,-1.58102605185018214E18,-1.5810260518501821E18
generado/aleatorios.csv,c3be405db069bdc9,-2179845231916992800,-2.17984523191699277E18,-2.1798452319169928E18
generado/aleatorios.csv,43c10fb110e3bd3e,2458791818787716000,2.4587918187877161E18,2.458791818787716E18
generado/aleatorios.csv,43c9a82608583685,3697538928634301000,3.6975389286343009E18,3.697538928634301E18
generado/aleatorios.csv,c3cb707d19cddbfd,-3954435572394097000,-3.9544355723940972E18,-3.954435572394097E18
generado/aleatorios.csv,43c191af6fbc84db,2531971729413748000,2.5319717294137482E18,2.531971729413748E18
generado/aleatorios.csv,c3dc0b6609c22455,-8083284199614797000,-8.0832841996147968E18,-8.083284199614797E18
generado/aleatorios.csv,c3dad0195b2e2cd6,-7728288478197406000,-7.7282884781974057E18,-7.728288478197406E18
generado/aleatorios.csv,c3dd9b47da21a59a,-8533511402732022000,-8.5335114027320218E18,-8.533511402732022E18
generado/aleatorios.csv,43d998137e4b851c,7376981922248159000,7.3769819222481592E18,7.376981922248159E18
generado/aleatorios.csv,43d8b6a6d5df7a59,7123176560716768000,7.1231765607167683E18,7.123176560716768E18
generado/aleatorios.csv,c3dcdd9ee3d85ba3,-8319973217358745000,-8.3199732173587446E18,-8.319973217358745E18
generado/aleatorios.csv,c3dd9ab95838392d,-8532884648259532000,-8.5328846482595318E18,-8.532884648259532E18
generado/aleatorios.csv,c3d4b483f725007e,-5967849896269707000,-5.9678498962697073E18,-5.967849896269707E18
generado/aleatorios.csv,c3da6631c925346e,-7609050530371975000,-7.6090505303719752E18,-7.609050530371975E18
generado/aleatorios.csv,43dd33bd34c70629,8416933941148689000,8.4169339411486894E18,8.416933941148689E18
generado/aleatorios.csv,453d04ffce09b504,3.5082457001091196e+25,3.5082457001091195E25,3.5082457001091196E25
generado/aleatorios.csv,c38e9213b96ea198,-275355606860444400,-2.75355606860444416E17,-2.753556068604444E17
generado/aleatorios.csv,c3cb2766803c462f,-3913290528137699000,-3.9132905281376988E18,-3.913290528137699E18
generado/aleatorios.csv,43a32c278fbc8b98,690761341996485600,6.9076134199648563E17,6.907613419964856E17
generado/aleatorios.csv,438007f9ce3a38f2,144395811697401400,1.44395811697401408E17,1.443958116974014E17
generado/aleatorios.csv,4385575e4c1a7898,192225184840618750,1.92225184840618752E17,1.9222518484061875E17
generado/aleatorios.csv,438d800e3cf79ade,265714334891727800,2.65714334891727808E17,2.657143348917278E17
generado/aleatorios.csv,43851b831333b903,190119177207881820,1.90119177207881824E17,1.9011917720788182E17
generado/aleatorios.csv,c38b3774309492bf,-245145489342879700,-2.45145489342879712E17,-2.451454893428797E17
generado/aleatorios.csv,43ba99bdffb93732,1916772022444569000,1.91677202244456909E18,1.916772022444569E18
generado/aleatorios.csv,c3d754035acd63c9,-6723888997775386000,-6.7238889977753856E18,-6.723888997775386E18
generado/aleatorios.csv,c3cd031f0e90cf58,-4181097598899106000,-4.1810975988991058E18,-4.181097598899106E18
generado/aleatorios.csv,4386456a67a73aac,200600729455908220,2.00600729455908224E17,2.0060072945590822E17
generado/aleatorios.csv,435ff1ac8702eed0,35965790319262530,3.5965790319262528E16,3.596579031926253E16
generado/aleatorios.csv,c370e75adc9fe1eb,-76127632990543540,-7.6127632990543536E16,-7.612763299054354E16
generado/aleatorios.csv,43ce23a4ffcfa218,4343521727859667000,4.3435217278596669E18,4.343521727859667E18
generado/aleatorios.csv,c39591ebfab47716,-388570702105396600,-3.8857070210539661E17,-3.885707021053966E17
generado/aleatorios.csv,c3dc153560cc8241,-8094329189748508000,-8.0943291897485076E18,-8.094329189748508E18
generado/aleatorios.csv,43759e3b043ab44d,97359213154223310,9.7359213154223312E16,9.735921315422331E16
generado/aleatorios.csv,43c562c6f29d1aaa,3082025535668573000,3.0820255356685732E18,3.082025535668573E18